{
  "scale_125": {
    "uniform": {
      "mean": 2.3091758739366886,
      "std": 1.499417746953758e-15,
      "median": 2.3091758739366886,
      "ci_lower": 2.3091758739366868,
      "ci_upper": 2.309175873936692,
      "min": 2.309175873936686,
      "max": 2.309175873936694,
      "n_seeds": 100,
      "n_valid": 100
    },
    "random": {
      "mean": 3.572686892442291,
      "std": 0.41608351195314647,
      "median": 3.5279988067948107,
      "ci_lower": 2.939837789464338,
      "ci_upper": 4.450995741490696,
      "min": 2.8796227178546006,
      "max": 4.861644971474107,
      "n_seeds": 100,
      "n_valid": 100
    },
    "power_law": {
      "mean": 3.0765831686978977,
      "std": 3.642885199684513e-15,
      "median": 3.0765831686978986,
      "ci_lower": 3.0765831686978915,
      "ci_upper": 3.076583168697905,
      "min": 3.07658316869789,
      "max": 3.0765831686979066,
      "n_seeds": 100,
      "n_valid": 100
    },
    "corpus": {
      "mean": 5.54909201531191,
      "std": 1.0820113074448453e-14,
      "median": 5.5490920153119125,
      "ci_lower": 5.549092015311884,
      "ci_upper": 5.549092015311926,
      "min": 5.5490920153118815,
      "max": 5.549092015311931,
      "n_seeds": 100,
      "n_valid": 100
    }
  },
  "scale_1000": {
    "uniform": {
      "mean": 2.545335360998535,
      "std": 1.698024325085715e-15,
      "median": 2.545335360998535,
      "ci_lower": 2.5453353609985316,
      "ci_upper": 2.545335360998538,
      "min": 2.545335360998531,
      "max": 2.545335360998539,
      "n_seeds": 100,
      "n_valid": 100
    },
    "random": {
      "mean": 3.93713477665731,
      "std": 0.4574298308513766,
      "median": 3.8884263678665167,
      "ci_lower": 3.2343208007893494,
      "ci_upper": 4.895333009507226,
      "min": 3.1781368188431713,
      "max": 5.356188529532885,
      "n_seeds": 100,
      "n_valid": 100
    },
    "power_law": {
      "mean": 3.3748829737879618,
      "std": 5.514579575658511e-15,
      "median": 3.3748829737879618,
      "ci_lower": 3.3748829737879498,
      "ci_upper": 3.374882973787971,
      "min": 3.374882973787946,
      "max": 3.3748829737879724,
      "n_seeds": 100,
      "n_valid": 100
    },
    "corpus": {
      "mean": 6.112033181300236,
      "std": 1.410331126517549e-14,
      "median": 6.112033181300239,
      "ci_lower": 6.112033181300208,
      "ci_upper": 6.112033181300255,
      "min": 6.112033181300186,
      "max": 6.112033181300259,
      "n_seeds": 100,
      "n_valid": 100
    }
  },
  "permutation_control": {
    "sorted_ratio": 6.11203318130024,
    "shuffled_mean": 6.1120331813002355,
    "shuffled_std": 1.5460607242547206e-14,
    "shuffled_median": 6.11203318130024,
    "shuffled_p025": 6.112033181300198,
    "shuffled_p975": 6.112033181300258,
    "p_value": 0.508,
    "n_trials": 1000,
    "n_valid": 1000
  }
}